Rank,Name,Country
1,Jon Rahm,ESP
2,Collin Morikawa,USA
3,Dustin Johnson,USA
4,Patrick Cantlay,USA
5,Xander Schauffele,USA
6,Justin Thomas,USA
7,Viktor Hovland,NOR
8,Bryson DeChambeau,USA
9,Rory McIlroy,NIR
10,Louis Oosthuizen,RSA
11,Scottie Scheffler,USA
12,Tony Finau,USA
13,Sam Burns,USA
14,Jordan Spieth,USA
15,Brooks Koepka,USA
16,Abraham Ancer,MEX
17,Harris English,USA
18,Hideki Matsuyama,JPN
19,Daniel Berger,USA
20,Jason Kokrak,USA
21,Cameron Smith,AUS
22,Tyrrell Hatton,ENG
23,Billy Horschel,USA
24,Matt Fitzpatrick,ENG
25,Patrick Reed,USA
26,Sungjae Im,KOR
27,Webb Simpson,USA
28,Paul Casey,ENG
29,Kevin Na,USA
30,Joaquin Niemann,CHI
31,Matthew Wolff,USA
32,Will Zalatoris,USA
33,Talor Gooch,USA
34,Max Homa,USA
35,Marc Leishman,AUS
36,Phil Mickelson,USA
37,Corey Conners,CAN
38,Lee Westwood,ENG
39,Mackenzie Hughes,CAN
40,Kevin Kisner,USA
41,Tommy Fleetwood,ENG
42,Adam Scott,AUS
43,Lucas Herbert,AUS
44,Shane Lowry,IRL
45,Sergio Garcia,ESP
46,Ryan Palmer,USA
47,Justin Rose,ENG
48,Christiaan Bezuidenhout,RSA
49,Takumi Kanaya,JPN
50,Min Woo Lee,AUS
51,Siwoo Kim,KOR
52,Ian Poulter,ENG
53,Stewart Cink,USA
54,Carlos Ortiz,MEX
55,Cameron Tringale,USA
56,Robert MacIntyre,SCO
57,Russell Henley,USA
58,Garrick Higgo,RSA
59,Brian Harman,USA
60,Sebastian Munoz,COL
61,Bernd Wiesberger,AUT
62,Chan Kim,USA
63,Erik van Rooyen,RSA
64,Kyoung-Hoon Lee,KOR
65,Branden Grace,RSA
66,Dean Burmester,RSA
67,Thomas Pieters,BEL
68,Alex Noren,SWE
69,Aaron Wise,USA
70,Kevin Streelman,USA
71,Seamus Power,IRL
72,Maverick McNealy,USA
73,Charley Hoffman,USA
74,Victor Perez,FRA
75,Ryosuke Kinoshita,JPN
76,Matt Wallace,ENG
77,Shaun Norris,RSA
78,Richard Bland,ENG
79,Daniel van Tonder,RSA
80,Bubba Watson,USA
81,Cameron Davis,AUS
82,Marcus Helligkilde,DEN
83,Rickie Fowler,USA
84,Thomas Detry,BEL
85,Keegan Bradley,USA
86,Jhonattan Vegas,VEN
87,Laurie Canter,ENG
88,Emiliano Grillo,ARG
89,Keith Mitchell,USA
90,Cameron Champ,USA
91,Harold Varner III,USA
92,Chris Kirk,USA
93,Joel Dahmen,USA
94,Guido Migliozzi,ITA
95,Guillermo Mito Pereira,CHI
96,Rasmus Hojgaard,DEN
97,Santiago Tarrio Ben,ESP
98,Matt Jones,AUS
99,Nicolai Hojgaard,DEN
100,Matt Kuchar,USA
101,Aaron Rai,ENG
102,Troy Merritt,USA
103,Brendan Steele,USA
104,Rikuya Hoshino,JPN
105,Lanto Griffin,USA
106,Charl Schwartzel,RSA
107,Joachim B Hansen,DEN
108,Dylan Frittelli,RSA
109,Scott Vincent,ZIM
110,Johannes Veerman,USA
111,Rory Sabbatini,SVK
112,Tom Hoge,USA
113,Yuki Inamori,JPN
114,Gary Woodland,USA
115,Jason Day,AUS
116,Brendon Todd,USA
117,Justin Harding,RSA
118,Sam Horsfield,ENG
119,Antoine Rozner,FRA
120,Jamie Donaldson,WAL
121,Lucas Glover,USA
122,Taylor Moore,USA
123,Martin Kaymer,GER
124,Julien Brun,FRA
125,John Catlin,USA
126,Danny Willett,ENG
127,Joohyung Kim(June2002),KOR
128,Robert Streb,USA
129,Stephan Jaeger,GER
130,Hideto Tanihara,JPN
131,Cameron Young,USA
132,Harry Higgs,USA
133,Martin Laird,SCO
134,Jinichiro Kozuma,JPN
135,Calum Hill(Nov1994),SCO
136,Adam Long,USA
137,Andy Sullivan,ENG
138,Kramer Hickok,USA
139,Alexander Bjork,SWE
140,Shugo Imahira,JPN
141,Adri Arnaus,ESP
142,C.T. Pan,TPE
143,Tomoharu Otsuki,JPN
144,Patton Kizzire,USA
145,Sean Crocker,USA
146,Ricardo Gouveia,POR
147,Luke List,USA
148,Adam Hadwin,CAN
149,Greyson Sigg,USA
150,Marcus Armitage,ENG
151,Yuta Ikeda(Dec1985),JPN
152,Rafa Cabrera Bello,ESP
153,Jason Scrivener,AUS
154,Adam Schenk,USA
155,Andrew Putnam,USA
156,Henrik Norlander,SWE
157,Mikumu Horikawa,JPN
158,Hudson Swafford,USA
159,Matthias Schwab,AUT
160,Brandon Stone,RSA
161,Jeff Winther,DEN
162,Grant Forrest,SCO
163,Masahiro Kawamura,JPN
164,Oliver Bekker,RSA
165,Padraig Harrington,IRL
166,Francesco Laporta,ITA
167,Hayden Buckley,USA
168,Adrian Meronk,POL
169,J.T. Poston,USA
170,Hiroshi Iwata,JPN
171,Naoyuki Kataoka,JPN
172,Marcel Schneider,GER
173,Chad Ramey,USA
174,Daniel Gavins,ENG
175,George Coetzee,RSA
176,Henrik Stenson,SWE
177,Kazuki Higa,JPN
178,Denny McCarthy,USA
179,Zach Johnson,USA
180,Kalle Samooja,FIN
181,David Lipsky,USA
182,Adam Svensson,CAN
183,Michael Thompson,USA
184,Ryo Ishikawa,JPN
185,Mikko Korhonen,FIN
186,Chez Reavie,USA
187,Andrew Johnston,ENG
188,Joseph Bramlett,USA
189,Richy Werenski,USA
190,Adrian Otaegui,ESP
191,Patrick Rodgers,USA
192,Tomohiro Ishizaka,JPN
193,Sanghyun Park,KOR
194,Andrew Landry,USA
195,Hank Lebioda,USA
196,Keita Nakajima(Am),JPN
197,Brandt Snedeker,USA
198,Scott Stallings,USA
199,Callum Shinkwin,ENG
200,Kristoffer Broberg,SWE
201,Seonghyeon Kim,KOR
202,Charles Howell III,USA
203,Marcel Siem,GER
204,Jazz Janewattananond,THA
205,Sepp Straka,AUT
206,Alfredo Garcia-Heredia,ESP
207,Scott Piercy,USA
208,Jim Herman,USA
209,Angel Hidalgo Portillo,ESP
210,Ryan Fox,NZL
211,James Hahn,USA
212,Danny Lee,NZL
213,Hennie Du Plessis,RSA
214,Yosuke Asaji,JPN
215,Wilco Nienaber,RSA
216,Sami Valimaki,FIN
217,Taylor Pendrith,CAN
218,Brandon Hagy,USA
219,Frederic LaCroix,FRA
220,Ryuichi Oiwa,JPN
221,Neil Schietekat,RSA
222,Nick Taylor,CAN
223,Phachara Khongwatmai,THA
224,Doug Ghim,USA
225,Sadom Kaewkanjana,THA
226,Yusaku Miyazato,JPN
227,Sam Ryder,USA
228,Francesco Molinari,ITA
229,Ryuko Tokimatsu,JPN
230,Jorge Campillo,ESP
231,Kiradech Aphibarnrat,THA
232,Tomoyo Ikemura,JPN
233,David Horsey,ENG
234,Thriston Lawrence,RSA
235,David Skinns,ENG
236,Wyndham Clark,USA
237,James Morrison,ENG
238,Jordan Smith,ENG
239,Kurt Kitayama,USA
240,Hugo Leon,CHI
241,Matthew NeSmith,USA
242,Joakim Lagergren,SWE
243,Roger Sloan,CAN
244,Doc Redman,USA
245,Renato Paratore,ITA
246,Jacques Kruyswijk,RSA
247,Maximilian Kieffer,GER
248,Matthew Jordan,ENG
249,Kevin Tway,USA
250,Tomoyasu Sugiyama,JPN
251,Trey Mullinax,USA
252,Fabrizio Zanotti,PAR
253,Wade Ormsby,AUS
254,Matthias Schmid,GER
255,Brian Stuard,USA
256,Tapio Pulkkanen,FIN
257,Mark Hubbard,USA
258,Harry Hall,ENG
259,Sebastian Soderberg,SWE
260,Todd Baek,KOR
261,Daniel Hillier,NZL
262,Peter Malnati,USA
263,Bio Kim,KOR
264,Ryutaro Nagano,JPN
265,Hanbyeol Kim,KOR
266,Ryan Moore,USA
267,Pep Angles Ros,ESP
268,Pat Perez,USA
269,Max McGreevy,USA
270,Kyle Stanley,USA
271,Lukas Nemecz,AUT
272,Darren Fichardt,RSA
273,Alexander Levy,FRA
274,Byeong Hun An,KOR
275,Jaco Prinsloo,RSA
276,Joshua Creel,USA
277,Vincent Whaley,USA
278,Matthieu Pavon,FRA
279,John Huh,USA
280,Seth Reeves,USA
281,Wil Besseling,NED
282,Joost Luiten,NED
283,Tom Lewis,ENG
284,Ryo Hisatsune,JPN
285,Chase Hanna,USA
286,Jaco Ahlers,RSA
287,Peter Uihlein,USA
288,Shubhankar Sharma,IND
289,Yannik Paul,GER
290,Marc Warren,SCO
291,Lee Hodges,USA
292,Jeongwoo Ham,KOR
293,Anirban Lahiri,IND
294,Tyler McCumber,USA
295,Niklas Norgaard Moller,DEN
296,Nate Lashley,USA
297,Ryan Armour,USA
298,Russell Knox,SCO
299,J.J. Spaun,USA
300,Edoardo Molinari,ITA
